T13Jordan,244230526435590144
Damon-Ryzing,380387310858141696
Zarquon (John Dick),270638295178936320
DeOoXide,410896168638480385
red21,846450460005105734
Wostinn,344214952606695424
Charlemagne,296023718839451649
Spctrald,338616749647855616
SirHK,351454460230500374
J0KR 57,279554138327613440
fanou,706499791336767569
Nanettesan,409440762837729285
Orion dft,817657136073932881
Plouf,301084639441846272
RenoRainz,363014031721627648
demonslayer,818921209223053422
Maooko,369210400580960259
chibroscopie,257481323659132929
Tanguy/Tech.ðŸ’™,282564375670161408
Reaction Roles,550613223733329920
vukhaze,453662595115909150
Grayfox,309789533585539083
Shiroku_San,771103099254997002
Yangrosork,246431888225468416
Azalgan,239852813662814209
X3NiOX,239477251052142593
Dezmatch,469475057479974922
Alexwyp,797170171357822986
Kayo,232916310529409024
Freon - Briqrouge,142950341271355392
Papy Navet,233170590964383754
Nyos,371274216244510725
ahani005,735949313439432824
Darkpower501,816632951730733097
JeeFox,311137619029262336
snowsteph,813741729849016350
EXTRA_BACON92,833097881846022155
Manu23,847850891490623558
GuyKilla,847433534800789525
cedvan63,392051021553074187
louisrec,532927876094492682
Schwarzennegre,561479953602969600
Paradoxe5445,780766138740113458
Alisa5905,316185807394177025
Selomon,269955471970926602
VÎ±lÄ¸Î¹Î¹ryÎ±XÑ…,497826280465498142
Calypso,306501895055474688
Loup Royal,701161943662067824
MEE6,159985870458322944
Nykxunt,300735992485117953
Sophtea,769600021384790047
Beelzebub75012,845743638339649617
mastakilla,701797868691783680
Toro-Picana 420,361590346192257026
Hashbee,213671682475294721
Pr. Rahool,744117533828710430
Abbadas,547071322048430100
Seenyx_,598263153293393997
RYSER PC,814117693275635733
ACIDFIRE13,425688977039949824
KTR ALaProd,805036239983476737
shadow117,448479963717435403
Karax,506968035060482063
Skurcey,218717692889268225
DiZty,735967361009582200
SaltyShot,262718386843156491
Adeyn,265932297449111553
cram69fr,839583016514748448
Golden tiger#299,715000869862637658
GoaSan37,615962063667331082
Rick (cesaritoo2619),338956292326555649
Sepiks~,363621254655377408
Wolf_,290479254867542019
kam,410068135727857665
Manu6305,771314796242403350
Lena El (Sasutchi),783082276010721322
Theia Izanami,382581681636376576
