1622131729, 744117533828710430
1622131729, 744117533828710430
1622131729, 744117533828710430
1622131729, 213671682475294721
1622282120, 213671682475294721
1622282120, 744117533828710430
1622282120, 744117533828710430
1622282121, 744117533828710430
1622282121, 744117533828710430
1622282505, 213671682475294721
1622282505, 744117533828710430
1622282506, 744117533828710430
1622282506, 744117533828710430
1622282506, 744117533828710430
1622282596, 744117533828710430
1622282596, 744117533828710430
1622282596, 744117533828710430
1622282596, 744117533828710430
1622282596, 744117533828710430
1622282601, 744117533828710430
1622282601, 744117533828710430
1622282601, 744117533828710430
1622282596, 213671682475294721
1622282602, 833097881846022155
1622282603, 213671682475294721
1622282606, 213671682475294721
